xshift,yshift,mse
0.0031411891689230166,0.0005190955758528452,0.0015994919583550244
-0.023161400335759304,-0.004198888679390759,0.0033902961741059385
-0.06840656590928157,0.03394178324465861,0.011866708504168768
