xshift,yshift,mse
0.00016261523463658746,0.0020670768251539982,0.0021326968464923978
-0.01110631686198483,-0.004503680992945016,0.00590837954422581
-0.025429302797226827,0.037330493249610464,0.017322198122763397
